07.07.2021,124.65
06.07.2021,123.8
05.07.2021,127.25
02.07.2021,123.6
01.07.2021,122.25
30.06.2021,120.75
29.06.2021,115.05
28.06.2021,113.15
25.06.2021,108.5
24.06.2021,108.25
23.06.2021,108
22.06.2021,107.25
21.06.2021,107
18.06.2021,107.75
17.06.2021,107.8
16.06.2021,108
15.06.2021,108
14.06.2021,109
11.06.2021,110
10.06.2021,110
09.06.2021,108.25
08.06.2021,105.75
07.06.2021,106
04.06.2021,101.25
03.06.2021,100.5
02.06.2021,96.4
01.06.2021,95.8
28.05.2021,85.75
27.05.2021,85.75
26.05.2021,85.65
25.05.2021,85.75
24.05.2021,85.5
21.05.2021,85.2
20.05.2021,84.75
19.05.2021,84
18.05.2021,84.6
17.05.2021,84.5
14.05.2021,85.4
13.05.2021,85.7
12.05.2021,85.85
11.05.2021,84.8
10.05.2021,83.8
07.05.2021,82.5
06.05.2021,81.55
05.05.2021,80.05
04.05.2021,78.5
03.05.2021,78.65
30.04.2021,71.9
29.04.2021,71.9
28.04.2021,71.75
27.04.2021,71.85
26.04.2021,71.7
23.04.2021,71.8
22.04.2021,71.8
21.04.2021,71.5
20.04.2021,71.5
19.04.2021,71.5
16.04.2021,71.6
15.04.2021,70.2
14.04.2021,69.15
13.04.2021,68.85
12.04.2021,68.35
09.04.2021,67.55
08.04.2021,67.2
07.04.2021,68.8
06.04.2021,70.3
05.04.2021,70.2
01.04.2021,70.2
31.03.2021,70.05
30.03.2021,70
29.03.2021,70.6
26.03.2021,68.5
25.03.2021,68.5
24.03.2021,68.5
23.03.2021,68.5
22.03.2021,68.5
19.03.2021,68.45
18.03.2021,68.1
17.03.2021,67.55
16.03.2021,66.3
15.03.2021,66.35
12.03.2021,66.05
11.03.2021,65.8
10.03.2021,65.8
09.03.2021,66
08.03.2021,65.5
05.03.2021,65.25
04.03.2021,65.2
03.03.2021,65.7
02.03.2021,66.15
01.03.2021,65.4
26.02.2021,66.15
25.02.2021,65.8
24.02.2021,65.7
23.02.2021,65.9
22.02.2021,65.95
19.02.2021,65.95
18.02.2021,65.55
17.02.2021,65.35
16.02.2021,65.6
15.02.2021,65.3
12.02.2021,67
11.02.2021,67.35
10.02.2021,68
09.02.2021,68.6
08.02.2021,68.25
05.02.2021,66.45
04.02.2021,65
03.02.2021,63.75
02.02.2021,65.4
01.02.2021,65.6
29.01.2021,67.8
28.01.2021,67.8
27.01.2021,67.7
26.01.2021,67.65
25.01.2021,67.45
22.01.2021,67.5
21.01.2021,67.55
20.01.2021,67.5
19.01.2021,67.5
18.01.2021,67.25
15.01.2021,68.6
14.01.2021,69.9
13.01.2021,70.15
12.01.2021,70.5
11.01.2021,68.5
08.01.2021,68.5
07.01.2021,66.6
06.01.2021,64.25
05.01.2021,64.9
04.01.2021,69.3
31.12.2020,69
24.12.2020,66.1
23.12.2020,66.05
22.12.2020,66.1
21.12.2020,66.1
18.12.2020,66
17.12.2020,65.65
16.12.2020,65.6
15.12.2020,65.8
14.12.2020,65.4
11.12.2020,65
10.12.2020,64
09.12.2020,63.3
09.11.2020,51.05
06.11.2020,50.8
05.11.2020,51.4
04.11.2020,50.85
03.11.2020,51.05
02.11.2020,50.9
30.10.2020,56.05
29.10.2020,56.1
28.10.2020,56.5
27.10.2020,56.55
26.10.2020,56.7
23.10.2020,56.7
22.10.2020,56.75
21.10.2020,56.5
20.10.2020,57.1
19.10.2020,57.1
16.10.2020,57
15.10.2020,56.8
14.10.2020,56.6
13.10.2020,56.5
12.10.2020,56.85
09.10.2020,57.6
08.10.2020,57.7
07.10.2020,57.65
06.10.2020,57.7
05.10.2020,57.7
02.10.2020,56.4
01.10.2020,57.35
30.09.2020,57.2
29.09.2020,57.05
28.09.2020,57.2
25.09.2020,52.35
24.09.2020,52.25
23.09.2020,52.15
22.09.2020,52.1
21.09.2020,52.1
18.09.2020,52
17.09.2020,51.9
16.09.2020,51.9
15.09.2020,51.8
14.09.2020,51.7
11.09.2020,51.7
10.09.2020,51.7
09.09.2020,51.2
08.09.2020,51.2
07.09.2020,51
04.09.2020,51.4
03.09.2020,51.5
02.09.2020,51.5
01.09.2020,52.7
31.08.2020,52.9
28.08.2020,49
27.08.2020,48.9
26.08.2020,48.95
25.08.2020,48.9
24.08.2020,48.8
21.08.2020,48.65
20.08.2020,48.9
19.08.2020,49.15
18.08.2020,49.35
17.08.2020,49.4
14.08.2020,49.25
13.08.2020,49.5
12.08.2020,49.7
11.08.2020,50.3
10.08.2020,50.55
07.08.2020,50.8
06.08.2020,50.2
05.08.2020,51.3
04.08.2020,51.6
03.08.2020,51.7
31.07.2020,49.9
30.07.2020,49.85
29.07.2020,49.7
28.07.2020,49.7
27.07.2020,49.5
24.07.2020,49.55
23.07.2020,49.6
22.07.2020,49.7
21.07.2020,49.6
20.07.2020,49.05
17.07.2020,49.25
16.07.2020,49
15.07.2020,49
14.07.2020,48.65
13.07.2020,48.8
10.07.2020,48.7
09.07.2020,49.3
08.07.2020,49.5
07.07.2020,50.65
06.07.2020,51.2
03.07.2020,50.9
02.07.2020,51.05
01.07.2020,49.95
30.06.2020,49.85
29.06.2020,50.05
26.06.2020,45.45
25.06.2020,45.25
24.06.2020,45.25
23.06.2020,44.85
22.06.2020,45.6
19.06.2020,45
18.06.2020,44.7
17.06.2020,44.6
16.06.2020,44.8
15.06.2020,45
12.06.2020,44.5
11.06.2020,44.35
10.06.2020,44.95
09.06.2020,45.6
08.06.2020,45.95
05.06.2020,46.2
04.06.2020,45.7
03.06.2020,46.6
02.06.2020,46.75
01.06.2020,44.85
29.05.2020,38.5
28.05.2020,38.8
27.05.2020,38.7
26.05.2020,38.6
25.05.2020,38.75
22.05.2020,38.65
21.05.2020,38.75
20.05.2020,38.8
19.05.2020,38.85
18.05.2020,38.85
15.05.2020,38.75
14.05.2020,39.1
13.05.2020,39.35
12.05.2020,39.7
11.05.2020,39.9
08.05.2020,40
07.05.2020,40.2
06.05.2020,40
05.05.2020,39.6
04.05.2020,39
01.05.2020,39.5
30.04.2020,39.85
29.04.2020,39
28.04.2020,38.45
27.04.2020,39.1
27.03.2020,34.05
26.03.2020,34.05
25.03.2020,34.05
24.03.2020,34.05
23.03.2020,34.05
20.03.2020,34.05
19.03.2020,34.05
18.03.2020,34.05
17.03.2020,34.05
16.03.2020,34.05
13.03.2020,36.05
12.03.2020,36.05
11.03.2020,36.05
10.03.2020,37.05
09.03.2020,37.05
06.03.2020,41.55
05.03.2020,44.05
04.03.2020,45.05
03.03.2020,45.05
02.03.2020,45.05
28.02.2020,45.05
27.02.2020,45.05
26.02.2020,45.05
25.02.2020,44.05
24.02.2020,44.05
21.02.2020,44.05
20.02.2020,44.05
19.02.2020,44.05
18.02.2020,44.05
17.02.2020,44.05
14.02.2020,44.05
13.02.2020,44.05
12.02.2020,44.05
11.02.2020,44.05
10.02.2020,44.05
07.02.2020,44.05
06.02.2020,44.05
05.02.2020,44.05
04.02.2020,44.05
03.02.2020,44.05
31.01.2020,46.05
30.01.2020,46.05
29.01.2020,46.05
28.01.2020,46.05
27.01.2020,46.05
24.01.2020,45.55
23.01.2020,45.55
22.01.2020,45.55
21.01.2020,45.55
20.01.2020,45.55
17.01.2020,45.55
16.01.2020,45.55
15.01.2020,45.55
14.01.2020,45.55
13.01.2020,45.55
10.01.2020,45.55
09.01.2020,45.55
08.01.2020,45.55
07.01.2020,45.55
06.01.2020,45.55
03.01.2020,45.55
02.01.2020,45.55
31.12.2019,45.55
30.12.2019,45.55
27.12.2019,45.55
26.12.2019,45.55
24.12.2019,45.05
23.12.2019,45.05
20.12.2019,45.55
19.12.2019,45.55
18.12.2019,45.55
17.12.2019,45.55
16.12.2019,45.55
13.12.2019,45.55
12.12.2019,45.55
11.12.2019,45.55
10.12.2019,45.55
09.12.2019,45.55
06.12.2019,45.55
05.12.2019,45.55
04.12.2019,45.55
03.12.2019,45.55
02.12.2019,45.55
29.11.2019,46.05
28.11.2019,46.05
27.11.2019,46.05
26.11.2019,46.05
25.11.2019,43.8
22.11.2019,43.8
21.11.2019,43.8
20.11.2019,43.8
19.11.2019,43.8
18.11.2019,43.8
15.11.2019,43.8
14.11.2019,43.8
13.11.2019,43.8
12.11.2019,43.8
11.11.2019,43.8
08.11.2019,43.8
07.11.2019,43.8
06.11.2019,43.8
05.11.2019,43.8
04.11.2019,43.8
01.11.2019,43.8
31.10.2019,44.55
30.10.2019,44.55
29.10.2019,44.55
28.10.2019,44.55
25.10.2019,44.05
24.10.2019,44.05
23.10.2019,44.05
22.10.2019,44.05
21.10.2019,44.05
18.10.2019,44.05
17.10.2019,44.05
16.10.2019,44.05
15.10.2019,44.05
14.10.2019,44.55
11.10.2019,44.55
10.10.2019,44.55
09.10.2019,44.55
08.10.2019,44.55
07.10.2019,43.55
04.10.2019,43.55
03.10.2019,43.55
02.10.2019,43.55
01.10.2019,43.55
30.09.2019,43.55
27.09.2019,43.55
26.09.2019,43.55
25.09.2019,44.05
24.09.2019,44.05
23.09.2019,44.05
20.09.2019,44.05
19.09.2019,45.05
18.09.2019,45.05
17.09.2019,45.05
16.09.2019,45.05
13.09.2019,45.05
12.09.2019,45.05
11.09.2019,45.05
10.09.2019,45.55
09.09.2019,45.55
06.09.2019,45.55
05.09.2019,46.05
04.09.2019,46.55
03.09.2019,46.55
02.09.2019,46.55
30.08.2019,46.55
29.08.2019,46.55
28.08.2019,47.8
27.08.2019,47.8
26.08.2019,47.8
23.08.2019,47.8
22.08.2019,48.05
21.08.2019,48.05
20.08.2019,48.8
19.08.2019,48.8
16.08.2019,48.8
15.08.2019,48.8
14.08.2019,50.55
13.08.2019,51.55
12.08.2019,53.55
09.08.2019,53.55
08.08.2019,53.55
07.08.2019,53.55
06.08.2019,53.55
05.08.2019,53.55
02.08.2019,53.8
01.08.2019,53.8
31.07.2019,53.8
30.07.2019,53.8
29.07.2019,53.8
26.07.2019,53.8
25.07.2019,53.8
24.07.2019,53.8
23.07.2019,53.8
22.07.2019,53.8
19.07.2019,53.8
18.07.2019,53.8
17.07.2019,53.8
16.07.2019,53.8
15.07.2019,54.05
12.07.2019,54.05
11.07.2019,54.05
10.07.2019,54.05
09.07.2019,54.05
08.07.2019,54.05
05.07.2019,54.05
04.07.2019,54.05
03.07.2019,54.05
02.07.2019,54.05
01.07.2019,54.3
28.06.2019,54.3
27.06.2019,54.55
26.06.2019,54.55
25.06.2019,54.55
24.06.2019,54.55
21.06.2019,54.55
20.06.2019,54.55
19.06.2019,54.55
18.06.2019,54.55
17.06.2019,54.55
14.06.2019,54.55
13.06.2019,54.55
12.06.2019,55.05
11.06.2019,55.05
10.06.2019,55.55
07.06.2019,55.55
06.06.2019,55.55
05.06.2019,55.55
04.06.2019,55.55
03.06.2019,55.55
31.05.2019,55.55
30.05.2019,55.55
29.05.2019,55.55
28.05.2019,55.55
27.05.2019,55.55
24.05.2019,55.55
23.05.2019,55.55
22.05.2019,55.55
21.05.2019,55.55
20.05.2019,57.55
17.05.2019,57.55
16.05.2019,59.05
15.05.2019,59.05
14.05.2019,61.55
13.05.2019,62.95
10.05.2019,62.95
09.05.2019,62.95
08.05.2019,62.95
07.05.2019,62.95
06.05.2019,62.95
03.05.2019,62.95
02.05.2019,62.95
01.05.2019,62.95
30.04.2019,63.55
29.04.2019,63.55
26.04.2019,63.55
25.04.2019,63.55
24.04.2019,63.55
23.04.2019,63.8
22.04.2019,63.8
18.04.2019,63.8
17.04.2019,63.8
16.04.2019,63.8
15.04.2019,63.8
12.04.2019,63.8
11.04.2019,63.8
10.04.2019,65.05
09.04.2019,65.05
08.04.2019,65.05
05.04.2019,65.05
04.04.2019,65.05
03.04.2019,65.05
02.04.2019,66.05
01.04.2019,67.05
29.03.2019,67.05
28.03.2019,67.05
27.03.2019,67.05
26.03.2019,67.05
25.03.2019,65.05
22.03.2019,65.05
21.03.2019,65.05
20.03.2019,65.05
19.03.2019,65.05
18.03.2019,69.05
15.03.2019,69.05
14.03.2019,69.05
13.03.2019,69.05
12.03.2019,69.05
11.03.2019,69.05
08.03.2019,69.05
07.03.2019,69.3
06.03.2019,69.3
05.03.2019,70.05
04.03.2019,70.55
01.03.2019,70.55
28.02.2019,70.8
27.02.2019,70.8
26.02.2019,70.8
25.02.2019,71.55
22.02.2019,71.55
21.02.2019,73.05
20.02.2019,73.05
19.02.2019,73.3
18.02.2019,73.8
15.02.2019,73.8
14.02.2019,73.8
13.02.2019,74.3
12.02.2019,74.55
11.02.2019,74.8
08.02.2019,75.05
07.02.2019,75.05
06.02.2019,75.8
05.02.2019,76.05
04.02.2019,76.3
01.02.2019,76.3
31.01.2019,76.3
30.01.2019,76.3
29.01.2019,76.3
28.01.2019,76.3
25.01.2019,76.55
24.01.2019,76.55
23.01.2019,77.05
22.01.2019,77.05
21.01.2019,76.3
18.01.2019,76.3
17.01.2019,75.8
16.01.2019,75.65
15.01.2019,75.55
14.01.2019,75.55
11.01.2019,75.55
10.01.2019,75.55
09.01.2019,75.55
08.01.2019,75.55
07.01.2019,75.55
04.01.2019,75.55
03.01.2019,75.55
02.01.2019,75.4
31.12.2018,75.15
28.12.2018,75.15
27.12.2018,75.15
26.12.2018,75.15
24.12.2018,76.05
21.12.2018,76.05
20.12.2018,76.05
19.12.2018,76.05
18.12.2018,76.05
17.12.2018,76.05
14.12.2018,76.05
13.12.2018,76.35
12.12.2018,76.35
11.12.2018,75.35
10.12.2018,74.65
07.12.2018,74.65
06.12.2018,73.95
05.12.2018,73.7
04.12.2018,73.55
03.12.2018,73.55
30.11.2018,73.55
29.11.2018,73.3
28.11.2018,72.4
27.11.2018,72.4
26.11.2018,72.4
23.11.2018,77.05
22.11.2018,77.05
21.11.2018,77.05
20.11.2018,77.05
19.11.2018,78.05
16.11.2018,78.05
15.11.2018,78.05
14.11.2018,78.05
13.11.2018,77.55
12.11.2018,77.55
09.11.2018,77.55
08.11.2018,77.55
07.11.2018,77.55
06.11.2018,78.05
05.11.2018,78.05
02.11.2018,78.05
01.11.2018,78.05
31.10.2018,78.05
30.10.2018,78.05
29.10.2018,77.55
26.10.2018,77.55
25.10.2018,77.45
24.10.2018,77.45
23.10.2018,77.45
22.10.2018,77.4
19.10.2018,77.4
18.10.2018,77.4
17.10.2018,77.15
16.10.2018,77.15
15.10.2018,77.15
12.10.2018,77.45
11.10.2018,77.8
10.10.2018,77.8
09.10.2018,77.8
08.10.2018,77.8
05.10.2018,77.8
04.10.2018,77.8
03.10.2018,77.8
02.10.2018,77.55
01.10.2018,76.55
28.09.2018,75.55
27.09.2018,75.55
26.09.2018,73.8
25.09.2018,72.95
24.09.2018,72.3
21.09.2018,71.8
20.09.2018,71.55
19.09.2018,71.55
18.09.2018,71.55
17.09.2018,71.55
14.09.2018,71.55
13.09.2018,71.55
12.09.2018,71.3
11.09.2018,71.3
10.09.2018,71.3
07.09.2018,70.55
06.09.2018,70.55
05.09.2018,70.55
04.09.2018,70.47
31.08.2018,69.97
30.08.2018,69.97
29.08.2018,68.52
28.08.2018,67.4
27.08.2018,67.4
24.08.2018,66.9
23.08.2018,66.9
22.08.2018,66.65
21.08.2018,66.55
20.08.2018,65.7
17.08.2018,65.4
16.08.2018,65.4
15.08.2018,65.4
14.08.2018,65.4
13.08.2018,65.3
10.08.2018,65.3
09.08.2018,65.3
08.08.2018,65.3
07.08.2018,65.3
06.08.2018,65.3
03.08.2018,65.2
02.08.2018,65.2
01.08.2018,65.2
31.07.2018,65.2
30.07.2018,65.15
27.07.2018,65.15
26.07.2018,65.15
25.07.2018,64.55
24.07.2018,64.55
23.07.2018,64.55
20.07.2018,64.55
19.07.2018,64.4
18.07.2018,64.4
17.07.2018,64.4
16.07.2018,64.4
13.07.2018,64.4
12.07.2018,64.4
11.07.2018,63.3
10.07.2018,64.75
09.07.2018,64.75
06.07.2018,63.75
05.07.2018,63.75
04.07.2018,63.6
03.07.2018,63.6
02.07.2018,62.35
29.06.2018,62.3
28.06.2018,61.9
27.06.2018,61.6
26.06.2018,61.4
25.06.2018,60.95
22.06.2018,60.95
21.06.2018,60.95
20.06.2018,60.6
19.06.2018,60.6
18.06.2018,60.6
15.06.2018,60.6
14.06.2018,60.6
13.06.2018,60.6
12.06.2018,60.75
11.06.2018,60.75
08.06.2018,60.95
07.06.2018,60.85
06.06.2018,60.85
05.06.2018,61.05
04.06.2018,61.05
01.06.2018,61.15
31.05.2018,61.15
30.05.2018,61.15
29.05.2018,61.05
28.05.2018,61.05
25.05.2018,59.55
24.05.2018,59.55
23.05.2018,59.55
22.05.2018,59.55
21.05.2018,58.95
18.05.2018,58.3
17.05.2018,58.05
16.05.2018,57.3
15.05.2018,57.3
14.05.2018,57.3
11.05.2018,56.55
10.05.2018,56.55
09.05.2018,56.55
08.05.2018,56.55
07.05.2018,56.55
04.05.2018,56.55
03.05.2018,56.65
02.05.2018,56.65
01.05.2018,56.55
30.04.2018,56.55
27.04.2018,56.55
26.04.2018,56.05
25.04.2018,57.95
24.04.2018,58.65
23.04.2018,58.9
20.04.2018,58.9
19.04.2018,58.9
18.04.2018,59.2
17.04.2018,59.2
16.04.2018,59.2
13.04.2018,59.2
12.04.2018,59.2
11.04.2018,59.2
10.04.2018,59.2
09.04.2018,59.2
06.04.2018,59.2
05.04.2018,60
04.04.2018,60
03.04.2018,60.3
02.04.2018,60.55
29.03.2018,60.8
28.03.2018,61.3
27.03.2018,61.45
26.03.2018,61.5
23.03.2018,63
22.03.2018,63.05
21.03.2018,63.05
20.03.2018,63.2
19.03.2018,63.3
16.03.2018,63.4
15.03.2018,63.55
14.03.2018,63.55
13.03.2018,63.8
12.03.2018,63.8
09.03.2018,63.8
08.03.2018,63.8
07.03.2018,63.8
06.03.2018,63.8
05.03.2018,63.8
02.03.2018,63.8
01.03.2018,63.8
28.02.2018,63.8
27.02.2018,63.8
26.02.2018,63.45
23.02.2018,64.3
22.02.2018,64.3
21.02.2018,64.3
20.02.2018,64.3
19.02.2018,64.3
16.02.2018,64.3
15.02.2018,64.55
14.02.2018,64.55
13.02.2018,64.55
12.02.2018,64.55
09.02.2018,64.55
08.02.2018,64.55
07.02.2018,64.55
06.02.2018,64.55
05.02.2018,64.8
02.02.2018,64.8
01.02.2018,64.8
31.01.2018,64.55
30.01.2018,64.55
29.01.2018,64.55
26.01.2018,64.55
25.01.2018,64.55
24.01.2018,64.55
23.01.2018,64.55
22.01.2018,64.55
19.01.2018,64.55
18.01.2018,64.55
17.01.2018,64.55
16.01.2018,64.55
15.01.2018,64.35
12.01.2018,64.35
11.01.2018,64.35
10.01.2018,64.35
09.01.2018,64.35
08.01.2018,65.15
05.01.2018,65.15
04.01.2018,65.15
03.01.2018,65.25
02.01.2018,65.3
29.12.2017,65.3
28.12.2017,65.3
27.12.2017,65.3
26.12.2017,65.3
22.12.2017,64.95
21.12.2017,64.95
20.12.2017,64.95
19.12.2017,64.95
18.12.2017,64.95
15.12.2017,64.95
14.12.2017,64.95
13.12.2017,64.95
12.12.2017,64.95
11.12.2017,64.95
08.12.2017,64.95
07.12.2017,64.95
06.12.2017,64.95
05.12.2017,64.95
04.12.2017,64.95
01.12.2017,64.95
30.11.2017,64.9
29.11.2017,64.95
28.11.2017,64.95
27.11.2017,65
24.11.2017,62.55
23.11.2017,62.55
22.11.2017,62.55
21.11.2017,64.2
20.11.2017,64.2
17.11.2017,64.2
16.11.2017,60.55
15.11.2017,64.2
14.11.2017,64.35
13.11.2017,64.45
10.11.2017,64.45
09.11.2017,64.45
08.11.2017,64.45
07.11.2017,64.45
06.11.2017,64.45
03.11.2017,64.35
02.11.2017,64.3
01.11.2017,64.3
31.10.2017,63.05
30.10.2017,61.65
27.10.2017,61.4
26.10.2017,61.4
25.10.2017,61.35
24.10.2017,61.35
23.10.2017,61.35
20.10.2017,61.3
19.10.2017,61.3
18.10.2017,61.2
17.10.2017,60.55
16.10.2017,60.55
13.10.2017,60.4
12.10.2017,60.2
11.10.2017,59.95
10.10.2017,59.85
09.10.2017,59.85
06.10.2017,59.85
05.10.2017,59.85
04.10.2017,59.85
03.10.2017,59.45
02.10.2017,60.05
29.09.2017,60.15
28.09.2017,60.2
27.09.2017,60.3
26.09.2017,60.15
25.09.2017,60.1
22.09.2017,60.1
21.09.2017,60.1
20.09.2017,60.1
19.09.2017,60.05
18.09.2017,60.05
15.09.2017,60.05
14.09.2017,59.55
13.09.2017,59.55
12.09.2017,59.55
11.09.2017,59.1
08.09.2017,58.95
07.09.2017,58.4
06.09.2017,58.35
05.09.2017,58.35
04.09.2017,58.05
01.09.2017,58.05
31.08.2017,58.05
30.08.2017,58.05
29.08.2017,57.35
28.08.2017,57
25.08.2017,56.6
24.08.2017,56.6
23.08.2017,56.55
22.08.2017,57.05
21.08.2017,56.8
18.08.2017,56.8
17.08.2017,56.1
16.08.2017,56
15.08.2017,56
14.08.2017,56
11.08.2017,56
10.08.2017,56
09.08.2017,56
08.08.2017,56.2
07.08.2017,56.5
04.08.2017,54.8
03.08.2017,54.8
02.08.2017,54.8
01.08.2017,55.4
31.07.2017,55.4
28.07.2017,55.8
27.07.2017,55.8
26.07.2017,56.05
25.07.2017,56.55
24.07.2017,56.55
21.07.2017,56.55
20.07.2017,56.55
19.07.2017,56.55
18.07.2017,56.55
17.07.2017,56.55
14.07.2017,57
13.07.2017,57
12.07.2017,56.35
11.07.2017,56.15
10.07.2017,55.65
07.07.2017,55.4
06.07.2017,55.3
05.07.2017,54.3
03.07.2017,53.9
30.06.2017,53.9
29.06.2017,54.35
28.06.2017,54.35
27.06.2017,54.05
26.06.2017,54.55
23.06.2017,54.85
22.06.2017,54.85
21.06.2017,54.65
20.06.2017,54.45
19.06.2017,54.45
16.06.2017,54.15
15.06.2017,54.5
14.06.2017,54.55
13.06.2017,54.55
12.06.2017,54.55
09.06.2017,54.55
08.06.2017,54.45
07.06.2017,54.45
06.06.2017,54.45
05.06.2017,54.45
02.06.2017,54.45
01.06.2017,54.45
31.05.2017,54.8
30.05.2017,54.77
26.05.2017,54.7
25.05.2017,53.15
24.05.2017,53.05
23.05.2017,53.05
22.05.2017,50.8
19.05.2017,50.6
18.05.2017,50.6
17.05.2017,50.6
16.05.2017,50.3
15.05.2017,49.9
12.05.2017,49.9
11.05.2017,49.9
10.05.2017,49.9
09.05.2017,49.9
08.05.2017,49.9
05.05.2017,49.9
04.05.2017,49.9
03.05.2017,49.9
02.05.2017,49.9
01.05.2017,49.9
28.04.2017,49.9
27.04.2017,50.35
26.04.2017,50.5
25.04.2017,50
24.04.2017,50.55
21.04.2017,50.55
20.04.2017,50.55
19.04.2017,50.55
18.04.2017,50.55
17.04.2017,50.55
13.04.2017,50.55
12.04.2017,50.55
11.04.2017,50.55
10.04.2017,51.2
07.04.2017,51.2
06.04.2017,51.2
05.04.2017,51.2
04.04.2017,51.2
03.04.2017,51.4
31.03.2017,51.4
30.03.2017,51.95
29.03.2017,52.45
28.03.2017,52.65
27.03.2017,53
24.03.2017,52.15
23.03.2017,52.15
22.03.2017,52.15
21.03.2017,52.05
20.03.2017,52.05
17.03.2017,52.05
16.03.2017,52.05
15.03.2017,52.05
14.03.2017,52.05
13.03.2017,52.7
10.03.2017,53.25
09.03.2017,53.25
08.03.2017,53.3
07.03.2017,53.3
06.03.2017,53.4
03.03.2017,53.3
02.03.2017,53.3
01.03.2017,53.3
28.02.2017,52.95
27.02.2017,53.2
24.02.2017,53.55
23.02.2017,53.55
22.02.2017,54.55
21.02.2017,57.05
20.02.2017,57.05
17.02.2017,57.05
16.02.2017,57.25
15.02.2017,57.3
14.02.2017,57.45
13.02.2017,57.45
10.02.2017,60.15
09.02.2017,60.15
08.02.2017,59.65
07.02.2017,59.3
06.02.2017,58.05
03.02.2017,59.05
02.02.2017,59.05
01.02.2017,56.4
31.01.2017,56.4
30.01.2017,55.55
27.01.2017,57.05
26.01.2017,58.05
25.01.2017,58.05
24.01.2017,60.1
23.01.2017,60.1
20.01.2017,62.55
19.01.2017,61.8
18.01.2017,64.5
17.01.2017,59.65
16.01.2017,56.95
13.01.2017,56.95
12.01.2017,55.35
11.01.2017,54.65
10.01.2017,54.6
09.01.2017,55.05
23.11.2016,40
22.11.2016,40
21.11.2016,40
18.11.2016,40
17.11.2016,40
16.11.2016,40
15.11.2016,40
14.11.2016,40
11.11.2016,40
10.11.2016,40
09.11.2016,40
08.11.2016,40
07.11.2016,40
04.11.2016,40
03.11.2016,40
02.11.2016,40
01.11.2016,40
31.10.2016,40
28.10.2016,40
27.10.2016,40
26.10.2016,40
25.10.2016,40
24.10.2016,40
21.10.2016,40
20.10.2016,40
19.10.2016,40
18.10.2016,40
17.10.2016,40
14.10.2016,40
13.10.2016,40
12.10.2016,40
11.10.2016,40
10.10.2016,40
07.10.2016,40
06.10.2016,40
05.10.2016,40
04.10.2016,40
03.10.2016,40
30.09.2016,40
29.09.2016,40
28.09.2016,40
26.09.2016,40
23.09.2016,40
22.09.2016,40
21.09.2016,40
20.09.2016,40
19.09.2016,40
16.09.2016,40
15.09.2016,40
14.09.2016,40
13.09.2016,40
12.09.2016,40
09.09.2016,40
08.09.2016,40
07.09.2016,40
06.09.2016,40
02.09.2016,40.5
01.09.2016,40.5
31.08.2016,40
30.08.2016,40
29.08.2016,40
26.08.2016,39.75
25.08.2016,39.5
24.08.2016,39.5
23.08.2016,39.5
22.08.2016,39.5
19.08.2016,39.5
18.08.2016,39.5
17.08.2016,39.5
16.08.2016,39.5
15.08.2016,39.5
12.08.2016,39.5
11.08.2016,39.5
10.08.2016,39.5
09.08.2016,39.5
08.08.2016,39.5
05.08.2016,39.5
04.08.2016,39.5
03.08.2016,39.5
02.08.2016,39.5
01.08.2016,39.5
29.07.2016,39.5
28.07.2016,39.5
27.07.2016,39.5
25.07.2016,39.5
22.07.2016,39.5
21.07.2016,39.5
20.07.2016,39.5
19.07.2016,39.5
18.07.2016,39.5
15.07.2016,39.5
14.07.2016,39.5
13.07.2016,39.5
12.07.2016,39.5
11.07.2016,39.5
08.07.2016,39.5
07.07.2016,39.5
06.07.2016,39.5
05.07.2016,39.5
01.07.2016,39.5
30.06.2016,39.5
29.06.2016,39.5
28.06.2016,39.5
27.06.2016,39.5
24.06.2016,39.5
23.06.2016,39.5
22.06.2016,39.5
21.06.2016,39.5
20.06.2016,39.5
17.06.2016,39.5
16.06.2016,39.5
15.06.2016,39.5
14.06.2016,39.5
13.06.2016,39.5
10.06.2016,39.5
09.06.2016,39.63
08.06.2016,39.63
07.06.2016,39.63
06.06.2016,39.63
03.06.2016,39.63
02.06.2016,39.63
01.06.2016,39.75
31.05.2016,39.83
27.05.2016,44.8
26.05.2016,44.8
24.05.2016,43.63
23.05.2016,43.63
20.05.2016,43.63
19.05.2016,43.63
18.05.2016,43.63
17.05.2016,43.63
16.05.2016,43.5
13.05.2016,43.63
12.05.2016,43.63
11.05.2016,43.63
10.05.2016,43.63
09.05.2016,43.63
06.05.2016,43.63
05.05.2016,43.63
04.05.2016,43.5
03.05.2016,43.5
02.05.2016,43.63
29.04.2016,43.5
28.04.2016,43.5
27.04.2016,43.5
25.04.2016,43.5
22.04.2016,43.63
21.04.2016,43.63
20.04.2016,43.63
19.04.2016,43.63
18.04.2016,43.63
15.04.2016,43.63
14.04.2016,43.63
13.04.2016,43.63
12.04.2016,43.63
11.04.2016,43.63
08.04.2016,43.63
07.04.2016,43.63
06.04.2016,43.63
05.04.2016,43.63
04.04.2016,43.6
01.04.2016,43.55
31.03.2016,43.62
30.03.2016,43.62
29.03.2016,43.62
24.03.2016,43.47
23.03.2016,43.47
22.03.2016,43.47
21.03.2016,43.47
18.03.2016,43.47
17.03.2016,43.47
16.03.2016,43.47
15.03.2016,43.47
14.03.2016,43.47
11.03.2016,43.52
10.03.2016,43.52
09.03.2016,43.58
08.03.2016,43.58
07.03.2016,43.58
04.03.2016,43.58
03.03.2016,43.58
02.03.2016,43.73
01.03.2016,43.73
29.02.2016,44.15
26.02.2016,44.15
25.02.2016,44.35
23.02.2016,43.15
22.02.2016,43.17
19.02.2016,43.17
18.02.2016,43.17
17.02.2016,43.17
16.02.2016,43.17
12.02.2016,43.2
11.02.2016,43.13
10.02.2016,43.13
09.02.2016,43.13
08.02.2016,43.08
04.02.2016,43.13
03.02.2016,43.13
02.02.2016,43.13
01.02.2016,43.13
28.01.2016,43.1
27.01.2016,43.13
25.01.2016,43
21.01.2016,43.2
20.01.2016,43.23
19.01.2016,43.23
14.01.2016,43.23
13.01.2016,43.25
12.01.2016,43.63
11.01.2016,43.35
07.01.2016,43.43
06.01.2016,43.63
05.01.2016,43.33
04.01.2016,43.33
31.12.2015,43.33
30.12.2015,43.33
29.12.2015,43.9
28.12.2015,43.03
24.12.2015,43.03
23.12.2015,43.03
22.12.2015,43.03
17.12.2015,43.1
16.12.2015,43.05
15.12.2015,43.05
11.12.2015,43.1
10.12.2015,43.25
09.12.2015,42.68
08.12.2015,43.1
07.12.2015,43.4
03.12.2015,43.4
02.12.2015,43.35
01.12.2015,42.95
30.11.2015,42.95
27.11.2015,42.08
25.11.2015,42.08
24.11.2015,42.22
23.11.2015,42.42
20.11.2015,42.28
19.11.2015,42.2
18.11.2015,42.17
17.11.2015,42.08
16.11.2015,41.75
13.11.2015,41.75
12.11.2015,41.78
11.11.2015,41.78
10.11.2015,41.85
09.11.2015,42.02
05.11.2015,42.02
04.11.2015,42.05
03.11.2015,41.88
02.11.2015,41.88
29.10.2015,41.88
28.10.2015,41.88
27.10.2015,41.88
26.10.2015,41.88
22.10.2015,41.83
21.10.2015,41.92
20.10.2015,41.93
19.10.2015,41.93
16.10.2015,41.93
15.10.2015,41.93
14.10.2015,41.93
13.10.2015,41.98
12.10.2015,42.05
08.10.2015,42.05
06.10.2015,42.05
05.10.2015,42.13
01.10.2015,42.13
30.09.2015,42.13
29.09.2015,42.17
28.09.2015,42.25
24.09.2015,42.23
23.09.2015,42.22
22.09.2015,42.13
21.09.2015,42.13
17.09.2015,42.5
16.09.2015,42.5
15.09.2015,42.5
14.09.2015,42.5
10.09.2015,42.5
09.09.2015,42.93
08.09.2015,42.93
03.09.2015,42.95
02.09.2015,43
01.09.2015,42.98
31.08.2015,42.93
28.08.2015,42.93
27.08.2015,42.93
25.08.2015,42.93
24.08.2015,42.92
20.08.2015,42.77
19.08.2015,42.77
18.08.2015,42.8
17.08.2015,42.88
13.08.2015,42.88
12.08.2015,42.88
11.08.2015,42.8
10.08.2015,42.88
07.08.2015,42.88
06.08.2015,42.88
05.08.2015,42.88
04.08.2015,42.88
03.08.2015,42.88
30.07.2015,42.88
29.07.2015,42.97
27.07.2015,43.13
23.07.2015,43.13
22.07.2015,43.13
21.07.2015,43.13
20.07.2015,43.13
16.07.2015,41.05
15.07.2015,41.05
14.07.2015,41.05
13.07.2015,41.05
10.07.2015,41.03
09.07.2015,41.02
08.07.2015,40.92
07.07.2015,40.87
06.07.2015,40.8
02.07.2015,40.82
01.07.2015,40.82
30.06.2015,40.78
29.06.2015,40.73
25.06.2015,40.77
24.06.2015,40.8
23.06.2015,40.88
22.06.2015,41.13
18.06.2015,41.18
17.06.2015,41.18
16.06.2015,41.37
15.06.2015,41.67
12.06.2015,41.92
11.06.2015,43.27
10.06.2015,44.07
09.06.2015,44.22
08.06.2015,44.23